Student_ID,Login_Frequency,Weekly_Study_Hours,Average_Session_Duration,Consecutive_Study_Days,Sessions_Per_Week
STU0001,18,16.3,35,6,4
STU0002,14,23.5,52,7,9
STU0003,16,9.7,69,25,4
STU0004,13,19.8,169,17,2
STU0005,20,14.3,144,7,4
STU0006,24,11.9,92,23,12
STU0007,5,21.8,33,13,7
STU0008,28,33.6,71,4,13
STU0009,24,6.3,157,28,9
STU0010,24,17.3,141,1,5
STU0011,9,9.6,54,5,5
STU0012,12,11.0,158,17,2
STU0013,19,25.6,160,28,9
STU0014,22,16.3,46,19,5
STU0015,9,15.1,156,2,5
STU0016,8,11.6,54,25,2
STU0017,11,28.3,138,6,13
STU0018,22,18.5,166,13,12
STU0019,22,33.1,143,7,4
STU0020,23,18.6,59,28,5
STU0021,28,12.6,165,22,14
STU0022,6,30.7,61,25,13
STU0023,11,9.7,118,26,4
STU0024,14,12.3,149,26,2
STU0025,18,33.9,168,22,13
STU0026,6,33.0,102,30,7
STU0027,27,8.4,120,13,7
STU0028,14,32.0,32,6,6
STU0029,7,7.3,98,19,9
STU0030,10,32.9,139,23,14
STU0031,30,34.9,65,14,8
STU0032,21,13.9,116,19,5
STU0033,13,27.0,26,3,2
STU0034,19,21.8,99,28,5
STU0035,25,21.1,97,19,2
STU0036,27,25.9,54,18,7
STU0037,21,27.9,82,4,4
STU0038,12,7.7,161,30,8
STU0039,26,10.1,59,7,8
STU0040,22,15.0,33,24,10
STU0041,27,28.3,128,23,5
STU0042,12,22.4,163,19,4
STU0043,21,14.3,129,1,3
STU0044,5,24.2,51,19,6
STU0045,23,18.0,155,6,2
STU0046,22,34.3,69,21,14
STU0047,18,15.2,36,4,3
STU0048,21,34.9,33,5,10
STU0049,23,15.0,142,18,9
STU0050,20,22.0,27,17,5
STU0051,23,23.3,110,7,12
STU0052,29,9.8,94,3,9
STU0053,7,25.1,129,11,8
STU0054,6,33.5,34,5,12
STU0055,8,6.8,90,25,7
STU0056,22,24.5,44,21,12
STU0057,9,16.5,157,10,2
STU0058,6,27.2,61,5,5
STU0059,25,14.4,103,22,9
STU0060,17,17.2,95,11,5
STU0061,23,22.4,150,27,10
STU0062,16,24.6,129,16,7
STU0063,27,5.5,122,23,8
STU0064,19,30.1,76,29,8
STU0065,18,14.2,129,17,3
STU0066,21,7.7,76,13,9
STU0067,26,24.6,72,5,13
STU0068,30,24.6,55,19,3
STU0069,24,10.4,100,18,12
STU0070,22,15.9,90,24,6
STU0071,15,12.7,155,18,3
STU0072,29,12.4,171,21,2
STU0073,5,27.5,139,26,13
STU0074,18,13.7,64,19,10
STU0075,13,34.6,111,11,5
STU0076,16,26.2,31,4,11
STU0077,15,13.5,127,21,5
STU0078,15,32.3,158,2,6
STU0079,25,27.2,27,20,6
STU0080,15,18.6,66,10,11
STU0081,20,23.5,118,23,7
STU0082,24,6.3,101,17,2
STU0083,20,20.5,30,22,2
STU0084,22,32.0,83,11,5
STU0085,30,23.8,60,27,13
STU0086,30,26.9,110,30,12
STU0087,8,29.2,53,6,4
STU0088,22,10.7,127,6,6
STU0089,29,21.9,161,25,5
STU0090,14,14.5,118,25,11
STU0091,13,16.1,76,12,4
STU0092,28,25.8,146,7,4
STU0093,30,17.1,140,23,12
STU0094,28,26.4,180,2,14
STU0095,9,12.9,112,28,10
STU0096,28,21.0,87,14,8
STU0097,5,24.3,121,4,14
STU0098,17,31.8,156,8,2
STU0099,18,14.9,34,19,5
STU0100,7,35.0,115,3,11
STU0101,9,17.8,30,14,5
STU0102,29,13.5,40,12,9
STU0103,11,34.8,87,23,5
STU0104,8,34.9,73,19,6
STU0105,29,14.8,77,4,10
STU0106,17,21.8,180,14,11
STU0107,20,9.5,48,6,9
STU0108,16,20.3,89,19,9
STU0109,7,10.8,118,30,6
STU0110,27,13.1,152,27,6
STU0111,23,8.9,60,10,6
STU0112,19,9.1,88,19,12
STU0113,29,28.2,41,20,2
STU0114,10,11.6,38,18,4
STU0115,8,12.9,128,3,10
STU0116,17,15.1,86,30,2
STU0117,9,29.0,105,1,7
STU0118,6,31.4,52,16,9
STU0119,11,22.2,22,28,7
STU0120,26,5.6,150,11,6
STU0121,5,11.3,160,7,2
STU0122,5,18.0,82,17,13
STU0123,11,7.6,43,22,7
STU0124,30,28.7,146,29,4
STU0125,12,12.2,41,11,4
STU0126,23,31.0,137,7,3
STU0127,14,23.3,156,30,7
STU0128,10,11.6,31,2,12
STU0129,29,16.3,85,9,10
STU0130,8,26.4,115,14,10
STU0131,13,25.5,114,20,9
STU0132,14,16.6,133,30,5
STU0133,18,16.3,166,12,5
STU0134,28,16.7,27,20,6
STU0135,10,8.2,75,5,10
STU0136,12,27.2,72,22,14
STU0137,10,10.8,78,5,7
STU0138,23,22.3,81,7,9
STU0139,15,30.1,70,30,7
STU0140,14,31.6,103,24,5
STU0141,10,6.6,147,26,4
STU0142,9,20.0,140,1,13
STU0143,22,15.7,84,27,6
STU0144,27,27.5,25,26,3
STU0145,28,29.5,115,15,10
STU0146,27,12.9,151,15,13
STU0147,20,28.0,131,9,13
STU0148,8,11.9,157,19,3
STU0149,22,34.3,180,30,5
STU0150,18,25.8,64,29,5
STU0151,8,18.9,112,15,14
STU0152,29,23.6,109,12,2
STU0153,28,27.6,126,30,2
STU0154,9,23.7,145,20,9
STU0155,26,8.3,31,23,13
STU0156,18,30.4,121,23,2
STU0157,23,10.3,120,5,11
STU0158,20,26.5,23,25,3
STU0159,22,6.8,30,18,10
STU0160,6,15.9,154,2,4
STU0161,20,9.8,175,19,13
STU0162,18,14.5,116,30,9
STU0163,28,22.2,93,5,7
STU0164,19,25.8,151,7,8
STU0165,28,21.2,151,19,12
STU0166,8,12.7,160,4,13
STU0167,12,14.5,177,21,5
STU0168,9,34.7,52,22,2
STU0169,9,15.9,73,6,9
STU0170,24,30.6,71,7,13
STU0171,19,26.5,147,24,12
STU0172,23,22.1,94,27,7
STU0173,24,9.5,145,12,10
STU0174,18,13.3,139,6,5
STU0175,23,18.1,166,12,7
STU0176,8,17.9,25,20,14
STU0177,16,17.9,105,2,3
STU0178,25,21.3,56,23,2
STU0179,16,7.4,55,6,11
STU0180,14,10.9,23,5,12
STU0181,22,34.7,116,9,12
STU0182,12,26.5,68,8,4
STU0183,28,23.2,118,29,2
STU0184,23,34.0,172,18,14
STU0185,28,32.3,129,19,14
STU0186,26,30.1,35,8,12
STU0187,17,34.2,172,19,3
STU0188,28,16.3,90,19,9
STU0189,5,27.6,27,17,14
STU0190,27,32.8,72,1,8
STU0191,28,28.2,114,8,9
STU0192,8,32.5,170,9,7
STU0193,8,25.3,36,28,6
STU0194,28,32.7,32,15,14
STU0195,16,25.6,131,13,11
STU0196,12,29.9,147,11,4
STU0197,14,24.6,46,17,3
STU0198,6,18.0,72,19,14
STU0199,15,10.1,90,17,6
STU0200,23,7.3,27,9,7
STU0201,26,11.4,169,2,11
STU0202,8,8.7,56,6,10
STU0203,22,24.2,162,4,12
STU0204,16,30.2,135,20,10
STU0205,11,22.1,145,17,3
STU0206,12,31.7,33,29,4
STU0207,10,20.3,69,5,3
STU0208,11,10.5,81,6,9
STU0209,9,27.3,67,3,5
STU0210,16,32.5,109,20,2
STU0211,11,12.9,25,11,6
STU0212,9,10.1,39,8,13
STU0213,22,9.4,156,21,7
STU0214,25,6.0,24,13,14
STU0215,26,5.6,38,18,6
STU0216,6,34.7,106,22,14
STU0217,18,6.0,27,12,7
STU0218,18,24.3,88,27,7
STU0219,7,34.0,112,5,14
STU0220,14,25.1,179,16,8
STU0221,9,14.5,114,11,13
STU0222,24,25.8,82,22,8
STU0223,7,12.4,59,9,12
STU0224,21,8.3,134,30,7
STU0225,13,23.5,147,15,9
STU0226,25,29.6,67,23,8
STU0227,15,20.8,135,10,5
STU0228,21,32.7,156,26,2
STU0229,6,5.0,23,25,9
STU0230,28,13.8,172,18,10
STU0231,5,21.0,148,12,8
STU0232,7,29.1,62,15,12
STU0233,12,17.4,67,30,5
STU0234,20,29.3,115,30,2
STU0235,28,22.9,85,21,7
STU0236,6,6.4,135,15,9
STU0237,13,16.6,105,3,9
STU0238,15,5.1,114,1,3
STU0239,16,32.5,141,25,3
STU0240,29,22.5,79,14,2
STU0241,14,9.2,82,1,7
STU0242,13,14.9,66,24,13
STU0243,30,32.0,93,1,6
STU0244,11,14.4,130,8,6
STU0245,15,26.8,156,16,9
STU0246,20,23.6,22,22,10
STU0247,29,18.7,158,15,8
STU0248,13,26.6,62,24,9
STU0249,16,18.4,67,7,4
STU0250,19,5.5,90,3,7
STU0251,25,27.1,21,6,3
STU0252,21,23.4,144,2,14
STU0253,26,5.3,31,8,3
STU0254,20,28.7,25,17,9
STU0255,10,24.3,155,6,2
STU0256,11,30.6,38,5,11
STU0257,21,34.2,94,18,11
STU0258,14,28.1,122,16,4
STU0259,6,27.6,167,30,4
STU0260,30,18.3,129,2,9
STU0261,23,24.3,86,18,3
STU0262,20,5.5,29,29,7
STU0263,27,16.6,89,21,8
STU0264,11,32.3,106,28,5
STU0265,30,23.7,52,6,14
STU0266,24,30.5,72,6,7
STU0267,23,18.7,63,19,12
STU0268,6,23.6,85,15,8
STU0269,5,14.0,162,22,7
STU0270,19,14.4,48,25,3
STU0271,5,7.0,77,23,4
STU0272,23,22.1,128,17,14
STU0273,27,29.2,69,13,14
STU0274,20,5.8,51,28,7
STU0275,29,6.0,88,17,3
STU0276,22,14.6,54,29,12
STU0277,30,17.9,144,30,3
STU0278,24,15.7,71,23,9
STU0279,23,13.6,138,12,5
STU0280,9,20.0,117,24,3
STU0281,10,31.7,104,26,13
STU0282,6,15.8,120,17,4
STU0283,11,15.2,179,5,13
STU0284,22,17.6,119,10,12
STU0285,23,24.4,118,29,6
STU0286,29,26.1,142,6,10
STU0287,11,11.2,135,11,5
STU0288,24,11.6,80,30,5
STU0289,6,29.2,118,26,10
STU0290,22,17.5,83,19,7
STU0291,22,34.6,178,30,2
STU0292,25,27.2,89,5,12
STU0293,27,21.9,172,10,12
STU0294,20,23.2,70,4,5
STU0295,12,6.4,141,20,12
STU0296,25,30.0,76,13,4
STU0297,20,32.3,54,28,13
STU0298,13,19.4,124,28,4
STU0299,16,12.2,25,2,12
STU0300,8,27.6,148,14,5
STU0301,24,22.4,90,3,2
STU0302,13,26.9,175,11,6
STU0303,7,16.1,36,23,7
STU0304,29,17.4,38,5,8
STU0305,24,15.2,65,20,4
STU0306,18,19.9,34,22,12
STU0307,8,5.1,136,14,5
STU0308,11,9.0,33,8,2
STU0309,20,24.1,86,3,11
STU0310,26,24.1,127,6,5
STU0311,21,14.8,57,8,5
STU0312,26,5.6,162,11,14
STU0313,23,23.4,82,1,6
STU0314,21,15.2,146,13,4
STU0315,24,25.5,57,23,4
STU0316,19,22.5,104,26,6
STU0317,7,10.6,114,26,4
STU0318,16,29.2,99,23,3
STU0319,30,19.6,27,17,11
STU0320,10,33.3,148,17,12
STU0321,21,9.0,136,11,10
STU0322,5,24.9,106,13,7
STU0323,26,17.3,21,5,14
STU0324,27,18.2,126,11,9
STU0325,15,18.6,70,11,6
STU0326,23,34.1,48,20,12
STU0327,8,17.1,59,20,2
STU0328,7,7.1,32,27,7
STU0329,5,28.7,132,11,9
STU0330,17,12.4,20,18,3
STU0331,22,14.0,162,18,13
STU0332,14,24.7,58,28,2
STU0333,22,5.9,44,3,3
STU0334,23,29.5,93,26,6
STU0335,5,7.1,110,19,11
STU0336,24,22.8,131,27,4
STU0337,29,9.7,105,15,13
STU0338,19,33.2,47,26,12
STU0339,27,13.7,77,17,2
STU0340,9,20.5,148,19,5
STU0341,5,34.7,54,19,7
STU0342,24,29.3,105,22,2
STU0343,6,12.2,145,12,13
STU0344,22,12.5,82,14,12
STU0345,28,18.3,102,20,6
STU0346,9,14.1,124,6,9
STU0347,9,33.8,77,13,13
STU0348,16,11.6,148,30,5
STU0349,5,21.6,42,11,6
STU0350,16,24.0,129,17,14
STU0351,28,15.8,53,15,11
STU0352,18,18.3,93,24,9
STU0353,29,7.8,94,7,9
STU0354,6,5.5,152,9,3
STU0355,23,29.4,166,9,6
STU0356,8,24.5,47,6,8
STU0357,23,21.2,102,2,12
STU0358,20,22.8,146,28,11
STU0359,10,20.6,116,4,10
STU0360,19,19.6,85,6,14
STU0361,25,29.7,64,14,2
STU0362,25,12.9,88,19,13
STU0363,13,14.8,171,21,2
STU0364,11,11.5,79,23,2
STU0365,5,26.2,82,7,3
STU0366,6,7.5,64,26,10
STU0367,16,28.2,41,20,3
STU0368,30,34.3,37,21,13
STU0369,15,26.5,118,2,6
STU0370,24,6.7,55,8,6
STU0371,11,12.5,119,12,9
STU0372,9,31.8,145,3,5
STU0373,11,10.5,32,18,14
STU0374,5,17.7,39,12,8
STU0375,15,20.5,42,30,10
STU0376,17,16.2,132,5,7
STU0377,6,32.3,80,1,12
STU0378,30,30.2,123,22,11
STU0379,14,23.1,21,3,8
STU0380,16,28.2,28,5,6
STU0381,11,15.7,54,29,3
STU0382,12,29.6,47,15,8
STU0383,17,9.5,165,18,2
STU0384,28,31.8,136,11,3
STU0385,13,26.2,47,15,12
STU0386,6,17.9,110,17,11
STU0387,18,5.2,139,23,6
STU0388,7,17.7,43,17,4
STU0389,18,13.6,86,6,11
STU0390,16,19.4,44,20,9
STU0391,6,10.5,104,5,6
STU0392,28,25.8,172,19,12
STU0393,19,30.2,30,5,10
STU0394,24,32.8,27,26,2
STU0395,27,21.9,180,10,14
STU0396,29,16.3,179,26,3
STU0397,11,22.6,70,4,13
STU0398,5,15.9,111,30,10
STU0399,21,14.3,168,29,4
STU0400,11,30.0,119,2,10
STU0401,7,14.4,119,26,6
STU0402,25,6.0,166,15,4
STU0403,20,11.0,163,12,8
STU0404,20,24.9,70,3,11
STU0405,23,30.3,67,2,12
STU0406,18,17.7,33,11,10
STU0407,24,19.4,180,15,3
STU0408,22,30.4,152,20,6
STU0409,11,13.6,80,23,7
STU0410,8,9.0,65,11,3
STU0411,10,23.2,158,8,5
STU0412,13,23.0,107,22,7
STU0413,24,16.1,30,3,3
STU0414,29,9.2,170,12,8
STU0415,10,23.1,107,14,7
STU0416,14,27.1,20,3,5
STU0417,27,28.4,156,14,6
STU0418,18,30.2,51,13,5
STU0419,13,26.1,179,15,12
STU0420,11,9.6,81,1,12
STU0421,21,13.0,155,12,3
STU0422,26,23.6,173,1,3
STU0423,13,15.2,49,3,5
STU0424,24,12.0,80,6,14
STU0425,9,15.9,102,22,6
STU0426,8,16.3,162,26,13
STU0427,26,29.5,50,23,2
STU0428,26,34.3,97,13,8
STU0429,11,20.8,97,1,5
STU0430,11,12.6,155,20,11
STU0431,9,17.4,168,19,6
STU0432,12,21.7,41,19,10
STU0433,26,9.5,118,14,3
STU0434,18,5.1,74,16,11
STU0435,7,30.5,72,5,12
STU0436,26,28.2,39,23,4
STU0437,7,12.7,158,27,9
STU0438,11,20.7,46,4,5
STU0439,15,20.0,170,28,6
STU0440,10,12.3,74,22,11
STU0441,19,10.1,142,10,4
STU0442,27,19.5,96,12,13
STU0443,22,23.0,141,24,6
STU0444,30,29.5,139,11,5
STU0445,23,11.5,33,4,12
STU0446,19,28.8,89,16,10
STU0447,17,25.6,26,18,8
STU0448,13,12.4,66,8,12
STU0449,14,26.5,79,14,14
STU0450,23,32.0,48,13,6
STU0451,19,11.0,131,14,2
STU0452,21,8.0,36,2,11
STU0453,27,13.2,114,8,3
STU0454,14,12.3,101,11,5
STU0455,8,25.9,95,9,11
STU0456,25,8.4,87,12,3
STU0457,6,8.8,29,29,3
STU0458,26,22.7,72,17,2
STU0459,23,27.0,61,16,14
STU0460,20,31.3,109,21,12
STU0461,12,31.9,73,10,2
STU0462,13,26.2,67,22,14
STU0463,9,12.9,80,12,5
STU0464,25,10.7,172,30,11
STU0465,30,16.1,179,28,4
STU0466,18,33.5,92,30,8
STU0467,23,33.1,81,4,10
STU0468,14,18.7,165,5,8
STU0469,24,10.4,38,9,11
STU0470,5,17.0,48,30,10
STU0471,10,32.8,123,16,13
STU0472,26,8.5,87,7,9
STU0473,27,23.4,79,4,8
STU0474,30,23.3,129,15,14
STU0475,20,31.2,129,1,10
STU0476,10,9.0,138,1,3
STU0477,16,32.7,72,22,12
STU0478,7,15.3,78,27,2
STU0479,21,30.8,92,2,8
STU0480,9,5.4,66,13,9
STU0481,18,8.6,82,21,3
STU0482,29,9.5,178,7,4
STU0483,5,22.7,106,20,3
STU0484,10,26.9,86,9,8
STU0485,21,18.5,94,18,5
STU0486,20,25.0,113,13,3
STU0487,18,34.1,136,30,3
STU0488,24,18.6,122,21,11
STU0489,9,21.1,178,5,4
STU0490,23,21.4,47,16,8
STU0491,23,9.9,61,22,2
STU0492,7,10.1,50,2,11
STU0493,26,17.4,100,28,5
STU0494,13,34.5,29,5,8
STU0495,26,33.8,68,2,7
STU0496,9,29.0,23,6,6
STU0497,14,30.8,107,19,8
STU0498,27,22.2,76,13,13
STU0499,16,9.5,114,16,3
STU0500,20,29.0,122,6,5
STU0501,8,11.2,147,19,8
STU0502,5,34.2,94,26,5
STU0503,21,23.9,103,2,3
STU0504,25,14.2,142,7,2
STU0505,17,31.0,77,16,6
STU0506,10,22.9,46,1,14
STU0507,6,21.3,177,24,7
STU0508,22,11.0,171,24,7
STU0509,27,30.0,163,2,6
STU0510,18,21.9,68,7,6
STU0511,24,31.9,93,28,2
STU0512,10,14.4,86,26,7
STU0513,9,21.7,109,25,10
STU0514,15,6.0,149,29,9
STU0515,8,10.5,121,25,9
STU0516,30,23.3,101,1,8
STU0517,19,16.3,110,7,2
STU0518,20,20.9,122,12,8
STU0519,16,8.1,116,2,14
STU0520,6,13.6,30,23,2
STU0521,30,32.9,162,8,5
STU0522,18,15.7,31,11,2
STU0523,30,6.7,92,18,5
STU0524,12,18.7,44,1,6
STU0525,8,26.4,85,25,8
STU0526,8,33.9,61,28,3
STU0527,9,33.1,152,10,10
STU0528,8,6.8,62,18,11
STU0529,24,25.0,148,26,4
STU0530,17,13.0,70,20,4
STU0531,6,26.7,31,27,9
STU0532,7,22.1,175,25,8
STU0533,17,34.8,178,27,9
STU0534,5,21.7,56,3,13
STU0535,17,5.0,120,9,13
STU0536,15,17.9,159,28,12
STU0537,5,5.9,150,15,12
STU0538,26,19.4,106,13,4
STU0539,16,11.1,22,10,7
STU0540,17,29.8,92,6,14
STU0541,13,10.6,139,4,4
STU0542,18,32.1,57,1,11
STU0543,24,28.9,75,23,13
STU0544,23,20.6,96,4,9
STU0545,6,19.1,50,25,5
STU0546,13,31.2,23,24,5
STU0547,19,14.4,161,17,3
STU0548,11,22.2,81,4,14
STU0549,14,13.7,137,8,12
STU0550,17,18.5,60,7,8
STU0551,5,7.0,123,2,11
STU0552,16,30.5,113,19,6
STU0553,5,21.5,105,26,4
STU0554,18,10.7,25,27,12
STU0555,8,7.3,101,25,14
STU0556,26,28.4,163,12,14
STU0557,7,19.8,147,5,2
STU0558,30,9.6,51,20,8
STU0559,8,23.6,33,13,5
STU0560,25,16.5,57,23,11
STU0561,26,15.0,51,12,4
STU0562,17,15.3,61,2,2
STU0563,12,12.2,127,17,12
STU0564,24,14.8,60,6,9
STU0565,6,32.6,75,25,13
STU0566,13,28.2,150,17,2
STU0567,26,10.0,30,10,7
STU0568,29,26.8,166,22,14
STU0569,29,33.9,74,11,4
STU0570,13,5.7,130,27,5
STU0571,24,8.8,26,1,14
STU0572,8,23.7,33,12,7
STU0573,23,32.0,175,15,10
STU0574,9,24.6,131,3,6
STU0575,20,19.7,144,5,2
STU0576,12,29.5,88,29,13
STU0577,26,19.8,149,22,12
STU0578,22,10.5,173,30,11
STU0579,5,25.9,63,11,7
STU0580,16,30.0,29,14,11
STU0581,14,28.6,117,14,2
STU0582,27,9.6,72,29,12
STU0583,12,23.7,61,24,4
STU0584,11,11.5,171,27,14
STU0585,27,19.7,85,2,8
STU0586,19,13.1,98,18,2
STU0587,10,22.2,70,14,2
STU0588,20,30.5,120,22,4
STU0589,9,9.5,137,10,8
STU0590,9,19.3,128,24,3
STU0591,10,34.9,94,24,4
STU0592,13,34.9,134,26,2
STU0593,14,30.9,169,28,11
STU0594,18,16.1,162,22,9
STU0595,28,6.2,54,22,11
STU0596,6,17.5,27,3,10
STU0597,19,31.3,82,15,11
STU0598,11,24.1,54,12,8
STU0599,30,28.1,67,15,3
STU0600,21,30.0,51,3,10
STU0601,17,11.3,66,28,3
STU0602,22,23.5,133,21,2
STU0603,9,25.8,170,1,14
STU0604,24,30.1,53,5,5
STU0605,29,6.4,113,20,10
STU0606,29,24.3,68,26,2
STU0607,12,17.2,96,1,3
STU0608,12,10.5,23,5,12
STU0609,7,6.5,45,12,3
STU0610,29,32.0,138,14,10
STU0611,28,16.2,173,20,6
STU0612,30,28.2,67,28,14
STU0613,11,26.9,63,18,14
STU0614,27,29.9,42,19,13
STU0615,24,13.3,133,1,13
STU0616,5,9.9,103,14,10
STU0617,8,5.1,180,28,9
STU0618,28,30.5,30,10,8
STU0619,11,15.6,166,7,2
STU0620,12,25.6,124,30,11
STU0621,6,8.3,45,5,5
STU0622,19,14.6,61,11,8
STU0623,8,30.7,129,22,8
STU0624,17,33.4,60,4,7
STU0625,29,18.9,110,30,11
STU0626,25,17.2,74,24,4
STU0627,7,20.2,88,16,10
STU0628,25,10.4,131,19,11
STU0629,12,29.1,108,6,7
STU0630,17,15.3,143,24,11
STU0631,12,20.4,76,1,10
STU0632,23,21.8,135,2,5
STU0633,17,9.7,113,12,11
STU0634,22,26.6,97,2,3
STU0635,23,31.9,139,29,8
STU0636,24,9.7,170,16,8
STU0637,5,9.8,64,23,2
STU0638,5,9.8,23,28,3
STU0639,28,10.1,101,30,3
STU0640,25,14.4,147,22,8
STU0641,28,30.2,42,25,6
STU0642,9,18.9,173,13,7
STU0643,18,10.0,96,18,12
STU0644,12,16.6,122,12,2
STU0645,12,5.4,107,11,7
STU0646,23,27.9,28,5,2
STU0647,19,25.5,177,30,14
STU0648,29,20.3,172,9,7
STU0649,18,18.9,142,14,7
STU0650,27,33.3,90,15,4
STU0651,8,33.0,31,11,4
STU0652,27,28.9,20,8,9
STU0653,14,6.9,159,17,6
STU0654,18,31.7,91,12,4
STU0655,6,29.0,141,21,6
STU0656,6,17.0,88,1,2
STU0657,8,15.8,45,28,6
STU0658,28,31.2,113,28,4
STU0659,9,31.1,125,20,4
STU0660,8,19.5,177,30,3
STU0661,19,14.6,113,24,8
STU0662,6,6.7,29,16,3
STU0663,7,28.7,166,8,14
STU0664,13,8.4,107,20,6
STU0665,26,15.6,42,10,9
STU0666,8,23.0,42,12,6
STU0667,12,28.5,41,18,3
STU0668,27,25.9,130,24,5
STU0669,6,24.8,22,4,12
STU0670,16,6.9,136,28,12
STU0671,12,11.9,42,27,3
STU0672,6,13.3,145,28,9
STU0673,14,28.9,60,24,2
STU0674,24,6.5,122,5,7
STU0675,19,29.8,150,9,2
STU0676,25,8.4,56,4,2
STU0677,8,30.3,81,1,3
STU0678,13,5.4,127,23,14
STU0679,29,11.9,42,10,12
STU0680,22,14.9,120,17,4
STU0681,9,19.3,81,5,12
STU0682,24,16.5,150,15,6
STU0683,22,23.2,128,17,14
STU0684,20,22.0,88,11,12
STU0685,18,28.6,22,15,5
STU0686,27,25.3,121,13,11
STU0687,24,14.7,151,5,12
STU0688,5,33.6,117,4,10
STU0689,23,32.9,180,19,5
STU0690,10,29.6,155,5,8
STU0691,11,13.1,125,23,11
STU0692,27,8.8,43,12,5
STU0693,26,32.0,59,30,6
STU0694,28,20.9,88,10,10
STU0695,8,26.0,148,17,11
STU0696,25,22.3,34,12,14
STU0697,25,23.3,60,16,5
STU0698,25,34.4,123,11,5
STU0699,11,14.6,100,6,11
STU0700,12,18.3,70,23,11
STU0701,7,28.7,159,16,12
STU0702,6,34.1,143,1,9
STU0703,29,33.4,21,26,10
STU0704,6,20.7,36,11,11
STU0705,29,18.7,73,13,8
STU0706,15,12.3,161,23,7
STU0707,26,21.3,130,20,6
STU0708,21,15.9,56,5,6
STU0709,25,32.6,60,16,2
STU0710,16,10.6,68,9,12
STU0711,27,34.8,51,27,14
STU0712,22,14.0,138,12,8
STU0713,28,17.3,120,3,2
STU0714,23,5.5,102,5,5
STU0715,15,32.4,20,18,3
STU0716,16,20.8,97,19,10
STU0717,24,21.1,57,4,9
STU0718,10,7.0,93,23,7
STU0719,29,18.7,139,10,10
STU0720,30,30.9,164,8,10
STU0721,27,33.7,159,22,6
STU0722,17,21.9,59,28,5
STU0723,18,30.8,51,29,5
STU0724,5,27.5,75,19,12
STU0725,18,11.0,40,10,8
STU0726,24,8.2,146,11,11
STU0727,10,9.5,170,12,3
STU0728,28,15.8,44,4,7
STU0729,22,23.6,146,22,3
STU0730,27,25.1,78,21,3
STU0731,28,6.9,172,20,2
STU0732,6,5.3,71,30,3
STU0733,26,9.5,153,1,13
STU0734,19,19.7,132,3,13
STU0735,10,15.0,49,22,11
STU0736,14,25.0,136,27,13
STU0737,15,13.1,112,29,11
STU0738,18,10.0,32,14,13
STU0739,6,24.5,180,17,9
STU0740,10,14.4,26,23,10
STU0741,18,16.2,21,12,9
STU0742,30,6.2,70,27,7
STU0743,25,32.2,118,28,11
STU0744,29,18.4,67,3,6
STU0745,27,27.6,151,16,4
STU0746,10,6.6,56,13,12
STU0747,8,22.2,172,20,3
STU0748,9,27.2,129,9,4
STU0749,28,18.0,120,11,7
STU0750,10,17.4,81,4,5
STU0751,20,19.9,41,15,11
STU0752,15,24.4,107,28,11
STU0753,8,20.1,45,28,2
STU0754,22,28.6,138,7,11
STU0755,13,11.4,43,27,9
STU0756,19,24.4,65,11,5
STU0757,12,29.0,159,27,2
STU0758,15,24.1,94,1,7
STU0759,22,27.2,156,23,11
STU0760,23,7.8,161,24,5
STU0761,5,24.4,52,17,13
STU0762,30,5.7,144,12,5
STU0763,28,9.9,54,1,9
STU0764,19,28.4,55,13,6
STU0765,8,21.1,110,6,13
STU0766,15,17.6,35,9,9
STU0767,10,23.5,67,22,13
STU0768,14,20.3,46,22,9
STU0769,11,10.0,36,27,8
STU0770,17,31.8,149,24,13
STU0771,12,29.2,177,28,9
STU0772,18,5.6,112,23,6
STU0773,22,25.4,34,9,3
STU0774,10,26.8,179,6,7
STU0775,30,28.0,47,27,7
STU0776,9,33.0,87,25,3
STU0777,17,16.2,38,11,14
STU0778,12,34.8,30,20,2
STU0779,20,26.1,145,12,7
STU0780,10,7.1,158,23,8
STU0781,18,19.6,93,29,11
STU0782,9,14.0,84,25,9
STU0783,25,19.8,150,8,5
STU0784,24,21.8,130,3,7
STU0785,7,20.1,141,27,3
STU0786,29,11.5,126,5,4
STU0787,15,5.8,157,14,11
STU0788,27,20.5,20,12,7
STU0789,12,31.5,27,1,12
STU0790,9,34.7,165,6,9
STU0791,9,33.7,135,30,14
STU0792,10,33.5,73,15,14
STU0793,29,7.8,109,23,12
STU0794,12,20.1,110,11,12
STU0795,14,30.9,42,9,12
STU0796,29,30.4,70,22,7
STU0797,26,33.3,105,28,8
STU0798,21,19.8,21,19,6
STU0799,17,31.2,107,20,12
STU0800,17,24.9,52,13,10
STU0801,12,30.3,132,9,3
STU0802,16,29.1,70,8,2
STU0803,30,12.6,178,5,5
STU0804,7,29.3,52,10,5
STU0805,8,15.2,53,17,12
STU0806,5,5.2,32,22,6
STU0807,17,8.4,170,2,10
STU0808,20,19.1,28,8,13
STU0809,5,23.3,21,21,12
STU0810,21,18.9,141,11,3
STU0811,8,32.8,161,8,11
STU0812,16,32.3,88,16,13
STU0813,20,9.2,166,6,9
STU0814,19,12.1,49,5,3
STU0815,22,27.0,143,13,4
STU0816,10,30.0,131,29,14
STU0817,21,18.6,22,15,12
STU0818,26,26.0,80,10,10
STU0819,11,12.6,180,28,6
STU0820,27,21.0,126,23,4
STU0821,20,10.0,180,12,4
STU0822,24,17.2,69,14,6
STU0823,7,19.2,138,16,13
STU0824,30,24.6,78,20,14
STU0825,18,28.4,154,15,5
STU0826,29,24.7,138,6,3
STU0827,17,5.5,39,1,5
STU0828,11,7.2,33,1,7
STU0829,17,9.4,76,2,12
STU0830,10,17.6,37,6,7
STU0831,29,24.3,137,20,12
STU0832,23,17.5,171,7,6
STU0833,13,22.9,113,25,2
STU0834,7,34.9,99,19,14
STU0835,8,24.3,55,7,14
STU0836,18,17.3,35,18,14
STU0837,7,26.7,98,23,6
STU0838,18,25.9,171,17,12
STU0839,21,28.3,94,25,11
STU0840,10,30.8,27,15,4
STU0841,21,22.8,180,11,10
STU0842,29,20.9,99,6,2
STU0843,11,12.6,154,21,11
STU0844,25,16.0,135,5,5
STU0845,28,19.1,87,7,3
STU0846,19,25.6,107,27,8
STU0847,30,14.0,164,22,9
STU0848,24,6.6,62,28,10
STU0849,14,13.8,104,7,5
STU0850,11,30.3,124,1,3
STU0851,5,14.0,66,27,9
STU0852,18,20.5,161,26,8
STU0853,18,21.8,39,27,10
STU0854,21,8.2,57,4,11
STU0855,26,20.1,78,24,7
STU0856,30,6.2,135,25,9
STU0857,16,31.6,119,13,11
STU0858,18,5.6,164,3,11
STU0859,27,22.2,141,23,6
STU0860,28,24.6,48,23,14
STU0861,11,7.6,56,23,11
STU0862,9,12.3,150,10,4
STU0863,9,32.6,82,20,8
STU0864,9,26.7,55,29,13
STU0865,23,30.1,133,17,5
STU0866,15,31.7,93,6,6
STU0867,13,18.1,29,14,14
STU0868,16,29.1,53,5,8
STU0869,26,5.4,148,15,5
STU0870,23,27.8,132,27,8
STU0871,26,30.4,99,17,2
STU0872,25,14.9,32,9,3
STU0873,19,23.4,69,18,8
STU0874,19,10.7,21,29,7
STU0875,21,23.2,61,7,12
STU0876,26,6.4,163,28,13
STU0877,15,30.3,25,12,12
STU0878,8,8.4,150,26,7
STU0879,27,12.6,174,13,3
STU0880,15,26.4,178,24,3
STU0881,11,19.7,178,21,3
STU0882,21,15.5,87,15,8
STU0883,23,31.0,124,2,8
STU0884,24,31.1,29,14,7
STU0885,24,26.9,147,29,13
STU0886,14,23.7,118,3,6
STU0887,18,31.2,107,4,8
STU0888,9,30.7,162,30,6
STU0889,5,22.8,57,14,7
STU0890,29,16.7,21,3,10
STU0891,16,18.2,103,21,2
STU0892,22,6.4,33,6,7
STU0893,29,18.0,121,4,10
STU0894,12,32.8,30,25,8
STU0895,20,5.5,174,7,7
STU0896,25,33.4,47,10,4
STU0897,7,17.8,72,19,3
STU0898,15,15.9,114,27,12
STU0899,11,18.7,137,18,3
STU0900,13,17.4,36,6,8
STU0901,24,33.5,138,5,11
STU0902,24,31.6,93,3,7
STU0903,22,29.8,36,22,12
STU0904,30,17.9,95,7,3
STU0905,18,15.5,34,10,7
STU0906,21,16.6,143,21,2
STU0907,25,27.4,40,27,11
STU0908,30,23.6,31,16,2
STU0909,11,11.7,78,6,9
STU0910,25,10.9,27,24,4
STU0911,10,30.0,21,20,10
STU0912,20,10.0,85,7,7
STU0913,10,26.7,33,4,3
STU0914,21,5.1,175,11,11
STU0915,10,27.9,140,2,8
STU0916,6,29.6,143,26,4
STU0917,17,6.8,142,3,5
STU0918,27,27.1,123,20,4
STU0919,20,6.9,93,5,6
STU0920,17,18.5,41,11,14
STU0921,17,7.7,140,8,8
STU0922,10,29.6,70,15,2
STU0923,17,17.4,96,6,2
STU0924,28,14.8,80,29,10
STU0925,22,28.8,79,4,12
STU0926,8,24.3,160,8,7
STU0927,5,26.3,147,20,6
STU0928,23,9.0,106,10,12
STU0929,22,25.2,176,4,9
STU0930,14,6.7,160,8,14
STU0931,21,26.2,46,9,13
STU0932,8,33.7,78,19,13
STU0933,23,24.8,124,25,6
STU0934,11,31.5,40,8,3
STU0935,19,6.5,88,26,12
STU0936,9,23.2,77,28,5
STU0937,17,26.1,97,18,5
STU0938,19,28.7,147,17,11
STU0939,9,23.9,84,16,5
STU0940,25,15.6,74,15,10
STU0941,9,24.2,77,10,10
STU0942,24,26.4,137,1,11
STU0943,8,26.3,127,5,2
STU0944,12,23.5,49,18,2
STU0945,10,26.8,166,28,14
STU0946,9,11.1,35,25,6
STU0947,21,32.7,52,16,2
STU0948,9,34.8,138,10,11
STU0949,7,24.5,140,23,13
STU0950,12,24.3,171,26,13
STU0951,29,33.5,41,18,10
STU0952,13,13.8,83,9,7
STU0953,16,14.3,128,9,11
STU0954,24,22.2,119,12,12
STU0955,19,21.2,42,6,3
STU0956,25,12.4,73,18,7
STU0957,12,7.1,45,14,12
STU0958,27,20.8,174,28,7
STU0959,17,13.5,31,27,11
STU0960,15,14.0,69,26,4
STU0961,25,31.6,178,10,8
STU0962,24,8.7,143,25,14
STU0963,15,29.9,41,19,12
STU0964,23,6.1,51,1,10
STU0965,6,35.0,149,23,7
STU0966,24,24.2,177,8,11
STU0967,19,27.9,110,21,5
STU0968,8,27.0,147,26,10
STU0969,24,12.1,114,17,9
STU0970,30,7.7,109,15,4
STU0971,10,7.2,90,12,12
STU0972,30,32.6,58,26,7
STU0973,29,11.1,64,2,3
STU0974,26,7.2,95,3,13
STU0975,15,27.9,81,5,4
STU0976,17,30.6,140,1,11
STU0977,30,10.0,157,29,2
STU0978,21,13.9,109,13,13
STU0979,17,11.7,167,16,6
STU0980,10,19.8,25,19,11
STU0981,21,25.5,65,17,6
STU0982,10,28.5,174,4,3
STU0983,29,31.4,78,15,4
STU0984,17,10.1,107,7,7
STU0985,25,11.6,56,3,10
STU0986,28,28.8,111,1,6
STU0987,28,6.5,81,17,10
STU0988,7,10.7,41,4,11
STU0989,16,34.4,46,23,14
STU0990,24,8.9,139,24,14
STU0991,24,28.3,152,16,9
STU0992,9,31.0,95,30,9
STU0993,10,18.5,136,12,4
STU0994,16,9.6,70,12,8
STU0995,9,7.3,57,26,5
STU0996,9,26.3,143,10,5
STU0997,28,5.2,103,18,8
STU0998,26,16.6,147,8,5
STU0999,7,29.8,140,22,7
STU1000,15,34.7,117,3,4
STU1001,6,11.2,131,18,7
STU1002,29,30.9,55,21,4
STU1003,8,25.9,75,14,7
STU1004,23,17.5,30,26,9
STU1005,10,32.9,148,14,14
STU1006,11,24.5,112,13,11
STU1007,30,5.3,127,9,8
STU1008,28,7.5,157,24,6
STU1009,18,27.2,179,6,6
STU1010,23,12.6,47,22,7
STU1011,20,27.4,119,22,10
STU1012,15,6.5,141,23,14
STU1013,7,8.2,33,17,13
STU1014,27,12.7,134,11,7
STU1015,17,31.0,48,27,12
STU1016,7,9.5,46,17,10
STU1017,24,8.0,168,10,4
STU1018,25,33.2,149,16,6
STU1019,30,26.5,75,3,7
STU1020,20,10.3,179,26,3
STU1021,29,28.5,22,4,11
STU1022,14,25.6,109,13,8
STU1023,7,13.1,112,10,2
STU1024,21,29.1,63,19,2
STU1025,21,14.3,120,29,6
STU1026,6,34.0,150,26,4
STU1027,23,6.6,75,22,13
STU1028,12,10.3,129,23,7
STU1029,6,14.3,161,10,10
STU1030,19,11.5,129,6,4
STU1031,15,6.8,105,23,5
STU1032,14,16.8,149,13,9
STU1033,18,16.9,104,15,10
STU1034,27,22.1,71,6,8
STU1035,18,27.7,97,21,4
STU1036,13,18.8,138,4,11
STU1037,28,30.2,40,7,10
STU1038,6,22.8,42,17,5
STU1039,6,7.3,112,12,5
STU1040,11,27.2,80,20,2
STU1041,28,22.8,52,13,10
STU1042,8,28.4,127,7,3
STU1043,9,22.6,135,14,5
STU1044,7,22.5,152,26,14
STU1045,12,24.7,72,5,2
STU1046,29,13.0,21,26,9
STU1047,29,34.2,86,30,13
STU1048,29,24.1,63,5,9
STU1049,5,25.9,167,30,6
STU1050,27,6.5,176,26,11
STU1051,25,30.9,47,30,6
STU1052,24,10.0,53,28,10
STU1053,23,19.2,90,22,3
STU1054,10,24.3,117,4,11
STU1055,11,23.3,151,20,2
STU1056,27,33.8,116,15,3
STU1057,7,9.7,27,30,9
STU1058,13,16.8,49,23,3
STU1059,26,20.2,95,2,9
STU1060,8,29.8,177,6,9
STU1061,11,21.7,81,28,6
STU1062,21,13.5,130,3,2
STU1063,19,17.7,33,1,2
STU1064,26,33.6,23,3,3
STU1065,5,7.4,178,9,2
STU1066,6,24.8,115,5,12
STU1067,7,26.8,112,18,3
STU1068,13,6.3,39,10,3
STU1069,30,34.3,95,22,7
STU1070,19,26.9,44,15,7
STU1071,24,27.7,72,11,12
STU1072,24,22.6,144,12,6
STU1073,29,32.9,68,12,2
STU1074,17,15.1,113,21,3
STU1075,5,13.1,45,6,10
STU1076,18,14.5,158,25,13
STU1077,28,7.1,103,2,6
STU1078,22,33.9,96,11,3
STU1079,23,21.6,139,24,6
STU1080,23,12.2,116,18,13
STU1081,29,24.6,24,30,11
STU1082,10,31.2,28,6,2
STU1083,15,32.7,122,26,13
STU1084,20,29.0,172,1,11
STU1085,23,9.0,139,25,5
STU1086,20,6.5,109,25,10
STU1087,14,18.0,63,25,5
STU1088,12,29.4,58,13,3
STU1089,20,27.8,146,6,14
STU1090,6,29.8,156,7,2
STU1091,5,22.6,164,12,12
STU1092,6,12.3,77,22,3
STU1093,22,11.3,125,29,3
STU1094,5,24.0,170,3,13
STU1095,19,6.4,43,9,10
STU1096,22,32.1,145,29,14
STU1097,28,23.4,68,18,6
STU1098,13,26.3,45,8,12
STU1099,21,7.3,35,5,14
STU1100,28,11.1,165,2,7
STU1101,13,20.5,98,30,8
STU1102,22,13.3,123,10,5
STU1103,21,25.3,170,16,8
STU1104,8,22.1,66,2,3
STU1105,15,6.9,103,8,6
STU1106,17,20.4,97,21,9
STU1107,6,30.0,179,9,11
STU1108,19,29.9,131,20,6
STU1109,26,25.6,82,19,10
STU1110,30,26.1,100,1,10
STU1111,7,32.2,158,17,8
STU1112,16,24.8,164,20,6
STU1113,14,27.3,20,1,6
STU1114,13,18.7,111,8,14
STU1115,27,29.6,174,6,3
STU1116,8,12.9,98,3,14
STU1117,11,23.1,67,20,14
STU1118,13,17.5,43,27,4
STU1119,23,26.1,56,9,9
STU1120,15,17.9,168,1,12
STU1121,17,9.7,148,29,11
STU1122,23,29.0,171,17,6
STU1123,14,20.7,88,19,13
STU1124,20,30.7,24,20,14
STU1125,15,9.3,130,11,9
STU1126,9,16.5,103,18,3
STU1127,16,23.4,78,12,10
STU1128,8,31.9,120,20,5
STU1129,6,34.9,163,11,6
STU1130,16,31.9,120,12,2
STU1131,13,30.3,42,24,4
STU1132,8,31.5,146,2,10
STU1133,16,8.4,91,13,12
STU1134,28,24.6,51,20,13
STU1135,14,12.9,144,6,13
STU1136,12,17.5,111,26,4
STU1137,29,8.1,171,26,7
STU1138,13,20.5,109,17,13
STU1139,17,20.8,138,3,14
STU1140,7,29.9,74,26,6
STU1141,26,6.8,158,9,2
STU1142,26,26.5,37,9,6
STU1143,22,33.9,92,2,12
STU1144,22,14.6,39,13,14
STU1145,27,31.2,103,8,3
STU1146,19,6.3,129,11,8
STU1147,28,18.2,170,30,5
STU1148,24,9.0,175,16,6
STU1149,30,6.6,53,19,5
STU1150,24,23.8,55,25,4
STU1151,7,15.1,139,16,11
STU1152,11,33.0,67,6,12
STU1153,21,6.8,135,8,3
STU1154,10,12.1,86,26,4
STU1155,10,28.2,174,23,2
STU1156,16,12.4,100,28,8
STU1157,17,10.9,169,18,9
STU1158,20,20.0,95,23,14
STU1159,12,6.6,112,13,13
STU1160,30,9.8,64,8,2
STU1161,19,31.5,146,24,4
STU1162,15,18.7,26,1,10
STU1163,12,17.8,29,9,6
STU1164,17,15.7,73,16,11
STU1165,30,16.5,135,22,6
STU1166,26,22.1,155,15,11
STU1167,17,20.2,54,20,6
STU1168,7,15.2,166,3,4
STU1169,17,5.9,89,19,13
STU1170,15,18.4,58,14,6
STU1171,21,10.3,43,29,3
STU1172,21,30.6,136,7,10
STU1173,23,7.8,33,25,13
STU1174,7,17.8,109,13,3
STU1175,13,6.4,111,20,12
STU1176,16,32.8,172,2,11
STU1177,13,5.2,180,12,14
STU1178,19,24.9,22,12,10
STU1179,14,21.7,121,9,13
STU1180,9,17.0,151,12,5
STU1181,22,17.9,145,29,13
STU1182,22,31.4,145,19,9
STU1183,14,11.1,66,3,2
STU1184,17,25.1,141,16,12
STU1185,13,10.1,92,7,14
STU1186,25,11.4,175,24,6
STU1187,10,24.4,57,15,9
STU1188,19,31.0,136,7,9
STU1189,7,32.1,108,9,14
STU1190,30,11.6,111,7,11
STU1191,5,5.1,123,5,12
STU1192,18,18.4,82,3,6
STU1193,16,20.9,50,19,6
STU1194,6,27.9,75,21,10
STU1195,19,15.1,99,19,4
STU1196,9,7.9,156,29,10
STU1197,11,24.6,109,21,5
STU1198,5,13.9,119,11,13
STU1199,30,24.6,45,25,3
STU1200,19,32.7,171,5,8
STU1201,28,15.6,65,7,8
STU1202,11,23.5,108,11,13
STU1203,11,33.9,72,4,5
STU1204,17,31.0,25,25,7
STU1205,9,24.3,91,10,9
STU1206,9,21.3,120,10,9
STU1207,20,30.0,171,3,10
STU1208,14,21.2,47,26,10
STU1209,11,28.1,131,7,9
STU1210,27,30.5,139,12,7
STU1211,16,28.8,74,5,14
STU1212,5,20.5,129,28,6
STU1213,20,5.1,155,2,8
STU1214,30,10.9,51,22,9
STU1215,7,21.3,54,7,9
STU1216,14,26.0,80,17,10
STU1217,24,7.0,126,24,10
STU1218,14,8.2,145,20,11
STU1219,26,18.9,75,1,9
STU1220,8,25.9,64,17,11
STU1221,9,32.5,156,6,5
STU1222,30,13.1,106,10,10
STU1223,21,18.5,162,24,8
STU1224,22,22.3,133,13,8
STU1225,20,5.4,178,19,11
STU1226,6,20.1,159,9,5
STU1227,28,8.6,36,19,6
STU1228,25,22.4,39,15,9
STU1229,19,33.1,51,21,7
STU1230,27,33.3,107,1,8
STU1231,10,10.6,89,23,11
STU1232,5,5.4,30,11,14
STU1233,16,16.9,175,26,5
STU1234,21,20.0,69,16,13
STU1235,6,22.0,71,10,7
STU1236,10,5.5,44,9,7
STU1237,21,7.5,32,15,11
STU1238,10,5.2,35,26,7
STU1239,26,25.2,49,23,4
STU1240,17,28.9,106,23,5
STU1241,10,32.6,27,28,4
STU1242,12,21.0,57,1,4
STU1243,20,34.5,128,28,6
STU1244,8,11.3,37,29,6
STU1245,15,31.3,74,25,14
STU1246,16,19.7,40,29,9
STU1247,14,33.2,155,8,9
STU1248,22,17.5,111,23,14
STU1249,24,26.3,115,3,8
STU1250,9,21.1,117,18,9
STU1251,17,31.2,65,25,13
STU1252,22,26.5,110,20,8
STU1253,5,6.4,176,3,14
STU1254,10,30.2,110,10,7
STU1255,12,21.3,49,4,9
STU1256,12,18.0,147,4,2
STU1257,21,31.0,58,11,10
STU1258,19,24.0,147,9,12
STU1259,29,7.4,123,23,11
STU1260,27,31.8,172,19,3
STU1261,11,15.2,57,7,12
STU1262,5,10.0,119,29,10
STU1263,10,28.4,155,8,7
STU1264,24,23.8,158,18,8
STU1265,23,30.5,124,6,11
STU1266,14,17.9,139,25,4
STU1267,15,8.8,61,7,12
STU1268,18,11.1,158,22,13
STU1269,26,6.3,80,4,11
STU1270,9,23.5,95,17,6
STU1271,24,33.0,144,25,12
STU1272,6,17.1,164,20,9
STU1273,14,16.5,113,3,8
STU1274,21,11.7,59,3,2
STU1275,19,13.7,47,7,3
STU1276,14,29.8,72,15,8
STU1277,5,29.7,88,29,6
STU1278,27,26.0,149,19,13
STU1279,21,31.1,44,23,2
STU1280,27,11.6,95,16,10
STU1281,24,34.9,71,18,7
STU1282,19,18.2,23,25,4
STU1283,12,27.8,126,2,12
STU1284,23,7.5,114,9,10
STU1285,29,6.3,101,14,14
STU1286,17,18.0,160,30,2
STU1287,20,21.7,86,9,7
STU1288,7,30.2,132,13,2
STU1289,23,7.0,138,9,2
STU1290,14,6.7,58,16,6
STU1291,21,32.1,51,15,6
STU1292,15,28.1,158,7,2
STU1293,28,33.2,56,28,8
STU1294,27,22.2,34,16,5
STU1295,8,26.7,92,13,5
STU1296,5,23.7,21,10,5
STU1297,7,25.2,22,5,9
STU1298,8,21.1,29,15,4
STU1299,12,23.3,73,27,12
STU1300,25,35.0,134,9,11
STU1301,7,24.8,70,19,3
STU1302,19,23.0,73,10,8
STU1303,9,17.7,89,18,3
STU1304,22,27.4,78,9,9
STU1305,9,14.9,40,14,9
STU1306,19,30.0,28,13,4
STU1307,13,24.5,151,22,14
STU1308,29,19.2,164,8,14
STU1309,28,28.6,23,27,5
STU1310,14,15.6,88,13,2
STU1311,17,24.2,156,22,3
STU1312,19,7.5,142,4,4
STU1313,25,14.7,145,21,4
STU1314,10,34.3,64,1,10
STU1315,24,8.0,117,4,2
STU1316,25,28.5,62,1,12
STU1317,28,34.0,127,1,6
STU1318,17,9.2,170,27,13
STU1319,22,14.5,154,20,13
STU1320,21,19.6,151,8,7
STU1321,17,11.7,169,28,4
STU1322,22,10.3,131,12,11
STU1323,29,17.7,54,18,6
STU1324,15,16.2,50,18,6
STU1325,28,10.1,110,15,11
STU1326,28,14.4,88,13,9
STU1327,13,18.2,62,9,12
STU1328,28,20.1,143,16,5
STU1329,23,15.8,73,2,3
STU1330,9,34.3,80,1,7
STU1331,18,9.4,135,22,7
STU1332,23,17.9,74,10,12
STU1333,5,27.8,160,5,12
STU1334,23,23.9,101,27,3
STU1335,10,20.1,109,8,8
STU1336,10,7.7,129,24,3
STU1337,24,10.0,83,12,7
STU1338,19,7.5,163,4,9
STU1339,15,14.1,72,20,8
STU1340,26,17.7,22,16,4
STU1341,27,14.6,139,3,5
STU1342,13,20.3,50,13,7
STU1343,19,16.7,34,27,3
STU1344,25,32.2,42,9,11
STU1345,12,13.4,115,7,3
STU1346,25,22.7,98,11,9
STU1347,19,29.5,31,5,10
STU1348,23,16.8,110,14,7
STU1349,19,11.6,160,4,5
STU1350,29,7.2,81,29,14
STU1351,25,7.0,127,10,4
STU1352,19,9.6,82,27,5
STU1353,24,14.4,116,1,11
STU1354,24,33.8,111,18,14
STU1355,14,31.8,94,9,2
STU1356,13,30.2,62,25,8
STU1357,5,31.2,71,5,14
STU1358,7,23.9,60,3,2
STU1359,25,14.5,105,29,11
STU1360,12,33.5,140,23,7
STU1361,9,18.3,38,2,11
STU1362,23,26.9,128,16,4
STU1363,15,20.5,115,5,11
STU1364,9,15.1,41,11,2
STU1365,18,30.0,177,5,6
STU1366,30,34.5,119,1,12
STU1367,6,30.1,126,4,12
STU1368,7,21.1,131,7,6
STU1369,26,26.4,107,1,14
STU1370,22,31.4,174,18,14
STU1371,18,7.9,80,23,3
STU1372,13,14.3,67,7,12
STU1373,18,24.6,30,2,3
STU1374,11,12.6,50,8,4
STU1375,21,5.9,160,18,3
STU1376,16,15.1,155,12,3
STU1377,8,22.4,129,12,2
STU1378,21,31.5,138,13,8
STU1379,18,27.5,115,23,7
STU1380,19,19.9,94,2,12
STU1381,22,21.9,121,30,11
STU1382,7,32.1,109,14,11
STU1383,21,27.8,25,11,11
STU1384,25,22.2,57,4,7
STU1385,18,25.7,174,30,10
STU1386,18,8.1,116,3,4
STU1387,20,18.6,100,17,6
STU1388,28,19.5,45,2,2
STU1389,20,14.4,149,14,10
STU1390,28,12.8,34,9,6
STU1391,14,24.4,40,21,6
STU1392,13,34.6,20,30,10
STU1393,23,20.4,106,28,4
STU1394,20,34.6,33,22,3
STU1395,29,23.1,145,18,12
STU1396,13,28.6,150,14,11
STU1397,27,6.0,104,26,3
STU1398,25,6.1,168,9,9
STU1399,28,17.2,69,28,6
STU1400,5,33.7,157,8,10
STU1401,22,28.8,146,8,14
STU1402,10,34.4,76,3,2
STU1403,7,25.6,26,4,14
STU1404,28,9.0,83,24,7
STU1405,8,15.7,129,23,14
STU1406,19,28.4,71,20,14
STU1407,28,21.6,48,24,2
STU1408,19,6.6,30,8,9
STU1409,22,28.9,178,16,3
STU1410,19,8.4,55,8,14
STU1411,30,15.8,165,24,8
STU1412,13,19.0,90,1,7
STU1413,18,28.3,24,11,14
STU1414,26,23.2,99,4,14
STU1415,28,28.4,21,21,14
STU1416,9,33.0,86,29,5
STU1417,25,19.8,22,24,8
STU1418,5,19.1,80,20,6
STU1419,27,33.4,129,3,11
STU1420,23,30.3,49,26,2
STU1421,15,28.2,70,18,12
STU1422,27,11.2,24,18,10
STU1423,14,25.1,24,25,10
STU1424,25,9.3,143,6,3
STU1425,14,9.1,22,26,3
STU1426,6,21.5,44,29,6
STU1427,22,33.6,62,19,5
STU1428,12,26.1,149,26,6
STU1429,13,9.4,57,16,6
STU1430,29,14.8,144,29,5
STU1431,21,21.6,111,5,12
STU1432,9,27.2,43,9,5
STU1433,17,33.3,161,30,2
STU1434,23,26.6,32,14,14
STU1435,15,21.2,22,21,4
STU1436,26,11.9,47,20,14
STU1437,6,23.4,167,26,7
STU1438,23,19.4,149,29,9
STU1439,28,23.9,118,7,14
STU1440,16,18.5,80,19,10
STU1441,8,17.4,31,18,10
STU1442,29,7.4,144,25,11
STU1443,22,22.1,96,8,2
STU1444,14,25.2,174,21,2
STU1445,11,28.2,100,17,4
STU1446,9,30.1,112,26,11
STU1447,29,10.2,162,25,14
STU1448,5,20.8,64,19,11
STU1449,17,28.9,55,30,2
STU1450,6,11.3,40,6,13
STU1451,12,24.0,35,5,9
STU1452,13,28.6,129,14,11
STU1453,15,11.4,107,8,3
STU1454,6,32.6,167,11,6
STU1455,27,23.6,128,5,3
STU1456,7,24.6,167,18,12
STU1457,5,16.3,141,24,3
STU1458,21,28.5,31,17,2
STU1459,20,18.6,78,19,7
STU1460,19,19.7,134,4,11
STU1461,17,12.3,44,12,7
STU1462,14,19.0,62,28,9
STU1463,11,23.4,161,26,6
STU1464,30,20.3,174,18,14
STU1465,12,26.9,79,15,9
STU1466,18,24.1,141,30,6
STU1467,26,25.0,174,14,5
STU1468,13,34.8,47,27,8
STU1469,7,31.7,123,15,4
STU1470,10,17.8,139,27,14
STU1471,13,21.1,176,4,13
STU1472,26,16.4,103,8,6
STU1473,17,18.5,95,29,2
STU1474,6,13.4,156,4,7
STU1475,28,19.7,173,21,3
STU1476,18,8.1,126,30,13
STU1477,18,33.6,88,5,6
STU1478,5,30.4,39,8,10
STU1479,14,11.5,44,22,9
STU1480,30,16.8,64,29,8
STU1481,23,14.4,167,24,3
STU1482,17,28.2,67,2,5
STU1483,15,5.9,167,25,7
STU1484,8,23.0,118,6,14
STU1485,20,31.4,169,23,8
STU1486,20,34.2,174,8,9
STU1487,15,10.6,166,13,10
STU1488,13,20.4,81,21,7
STU1489,29,12.1,168,23,14
STU1490,17,25.6,134,21,4
STU1491,30,9.2,61,1,8
STU1492,19,31.7,152,15,2
STU1493,23,15.9,176,6,14
STU1494,20,13.9,155,1,10
STU1495,14,32.2,145,24,9
STU1496,12,33.6,46,15,13
STU1497,30,29.1,138,7,12
STU1498,13,23.8,109,6,13
STU1499,28,27.7,87,8,6
STU1500,8,7.3,20,25,9
STU1501,16,14.8,164,7,2
STU1502,9,8.4,172,24,12
STU1503,11,24.0,144,18,8
STU1504,18,5.1,125,6,5
STU1505,28,22.4,81,16,6
STU1506,11,22.2,58,16,7
STU1507,23,19.1,68,13,5
STU1508,20,10.8,166,28,9
STU1509,22,18.3,34,25,13
STU1510,5,21.1,143,19,3
STU1511,7,10.1,37,19,14
STU1512,19,13.5,45,25,3
STU1513,9,14.6,171,16,6
STU1514,17,23.0,98,17,13
STU1515,12,30.6,85,19,6
STU1516,24,11.6,51,14,8
STU1517,26,12.1,168,24,13
STU1518,26,29.9,143,2,9
STU1519,21,29.8,25,11,10
STU1520,30,17.2,155,10,3
STU1521,14,20.7,75,30,11
STU1522,6,22.7,82,21,6
STU1523,8,8.8,145,2,11
STU1524,29,15.7,109,9,12
STU1525,19,23.3,96,7,11
STU1526,6,20.3,57,14,10
STU1527,10,6.5,139,2,3
STU1528,8,33.3,123,4,7
STU1529,30,17.2,171,15,8
STU1530,15,22.1,152,21,6
STU1531,11,6.6,158,23,10
STU1532,16,23.3,37,23,14
STU1533,24,14.5,56,26,2
STU1534,21,21.8,142,3,12
STU1535,30,34.4,80,12,12
STU1536,12,31.5,28,21,12
STU1537,7,34.4,141,12,13
STU1538,16,21.4,126,5,14
STU1539,16,15.4,155,17,10
STU1540,15,18.5,96,26,10
STU1541,20,12.2,144,22,12
STU1542,26,26.1,127,20,13
STU1543,17,23.9,161,7,8
STU1544,11,5.2,146,24,10
STU1545,7,23.1,26,13,6
STU1546,18,24.7,93,12,5
STU1547,7,7.9,51,6,2
STU1548,24,30.2,99,27,11
STU1549,15,15.3,78,2,13
STU1550,17,31.0,154,24,14
STU1551,8,32.3,167,25,10
STU1552,10,19.8,166,16,14
STU1553,29,33.3,138,24,13
STU1554,16,27.8,107,17,13
STU1555,5,16.3,180,11,4
STU1556,15,14.7,61,18,8
STU1557,14,13.1,131,5,11
STU1558,26,24.6,165,3,2
STU1559,29,20.1,103,7,3
STU1560,12,16.1,56,23,3
STU1561,30,27.1,112,28,9
STU1562,17,18.9,141,2,8
STU1563,14,16.2,106,14,5
STU1564,26,32.4,56,1,12
STU1565,25,20.1,84,2,5
STU1566,22,31.6,28,28,11
STU1567,24,34.7,81,22,12
STU1568,30,25.9,58,29,5
STU1569,9,11.8,178,20,3
STU1570,8,29.8,47,26,12
STU1571,13,24.8,76,19,2
STU1572,22,11.6,166,13,3
STU1573,24,11.9,90,7,10
STU1574,12,27.5,141,4,6
STU1575,9,12.9,87,7,9
STU1576,28,18.5,70,22,14
STU1577,20,18.4,83,3,6
STU1578,16,34.7,54,29,2
STU1579,8,14.6,120,7,14
STU1580,21,26.7,172,26,3
STU1581,21,15.9,120,25,6
STU1582,9,18.3,49,10,14
STU1583,22,15.1,149,28,3
STU1584,18,19.7,64,13,12
STU1585,23,31.7,94,29,7
STU1586,20,8.7,109,5,4
STU1587,18,12.5,162,12,7
STU1588,21,24.6,26,5,3
STU1589,7,27.6,34,25,13
STU1590,15,33.0,25,2,9
STU1591,23,16.2,76,2,3
STU1592,27,25.5,146,11,6
STU1593,20,26.0,117,23,8
STU1594,24,17.9,111,25,10
STU1595,6,17.0,156,26,5
STU1596,13,26.5,132,16,7
STU1597,27,32.3,30,25,11
STU1598,16,33.1,55,5,5
STU1599,26,21.4,33,5,9
STU1600,16,14.5,116,5,3
STU1601,15,11.6,31,23,11
STU1602,30,25.9,88,19,13
STU1603,25,17.1,117,30,2
STU1604,22,31.1,33,7,12
STU1605,17,26.4,41,5,13
STU1606,23,28.7,65,23,14
STU1607,17,34.6,172,24,9
STU1608,26,34.6,78,17,7
STU1609,26,20.8,23,20,2
STU1610,7,29.2,123,25,9
STU1611,23,17.9,37,21,5
STU1612,29,32.8,121,2,8
STU1613,30,7.5,171,17,11
STU1614,24,5.6,89,25,12
STU1615,25,30.5,157,2,10
STU1616,7,13.3,163,4,6
STU1617,29,8.4,104,24,4
STU1618,28,20.1,104,15,2
STU1619,12,33.5,36,13,9
STU1620,26,12.8,131,30,12
STU1621,21,26.8,152,2,14
STU1622,17,8.5,40,18,11
STU1623,8,19.4,50,8,11
STU1624,27,9.4,73,29,6
STU1625,21,20.8,97,6,5
STU1626,26,24.0,128,25,2
STU1627,12,10.1,162,18,3
STU1628,9,33.5,60,3,11
STU1629,29,11.3,101,19,8
STU1630,16,31.6,86,27,14
STU1631,5,5.7,170,18,14
STU1632,29,27.1,30,23,8
STU1633,24,18.1,102,8,11
STU1634,24,34.4,108,2,10
STU1635,21,22.3,109,5,2
STU1636,5,27.5,60,14,8
STU1637,6,19.1,173,29,4
STU1638,15,17.5,97,5,4
STU1639,25,25.7,164,6,5
STU1640,23,5.7,54,4,6
STU1641,23,16.6,75,21,5
STU1642,5,8.9,43,24,6
STU1643,9,25.4,118,15,13
STU1644,26,25.5,171,1,6
STU1645,30,12.7,174,19,8
STU1646,30,15.0,40,3,9
STU1647,25,34.4,155,6,14
STU1648,5,26.5,80,23,12
STU1649,29,5.2,171,20,13
STU1650,23,14.8,133,23,9
STU1651,22,12.3,113,23,10
STU1652,12,16.1,173,28,9
STU1653,6,13.1,69,19,12
STU1654,30,7.9,138,27,14
STU1655,27,23.1,34,13,4
STU1656,14,7.6,89,17,10
STU1657,27,10.4,80,21,2
STU1658,8,7.3,111,17,11
STU1659,29,27.8,64,13,6
STU1660,10,31.9,35,29,11
STU1661,24,28.4,138,22,14
STU1662,12,11.3,168,21,3
STU1663,22,9.6,147,10,8
STU1664,19,14.2,115,14,5
STU1665,7,25.7,53,17,7
STU1666,24,20.2,85,12,7
STU1667,19,10.6,112,24,6
STU1668,6,20.8,175,17,13
STU1669,21,15.5,117,17,4
STU1670,27,13.0,166,25,14
STU1671,27,11.2,119,29,2
STU1672,23,11.7,85,30,10
STU1673,13,23.6,104,13,13
STU1674,6,31.1,145,6,13
STU1675,14,29.6,167,8,2
STU1676,6,34.8,153,5,7
STU1677,6,19.8,58,10,13
STU1678,12,12.1,131,15,4
STU1679,10,16.2,119,25,8
STU1680,20,7.4,84,7,7
STU1681,8,12.4,143,22,12
STU1682,8,25.5,167,12,4
STU1683,20,20.3,74,14,4
STU1684,19,30.1,115,22,14
STU1685,23,24.5,89,7,2
STU1686,29,24.2,51,21,14
STU1687,23,13.4,117,2,14
STU1688,12,15.0,75,16,9
STU1689,13,7.8,92,3,9
STU1690,22,5.2,68,19,13
STU1691,7,32.0,82,13,5
STU1692,14,29.4,55,6,9
STU1693,25,15.3,70,12,5
STU1694,27,6.6,116,19,14
STU1695,24,11.4,88,6,2
STU1696,5,5.2,142,16,11
STU1697,7,9.9,100,3,5
STU1698,21,29.4,163,2,7
STU1699,8,33.6,151,24,5
STU1700,22,8.9,155,8,4
STU1701,21,13.5,138,22,9
STU1702,17,10.0,97,10,3
STU1703,12,34.0,70,24,2
STU1704,12,24.7,171,5,7
STU1705,11,10.7,21,2,2
STU1706,17,28.4,96,21,14
STU1707,25,9.1,81,5,6
STU1708,11,30.0,69,19,8
STU1709,16,17.9,160,16,9
STU1710,16,24.8,110,2,2
STU1711,21,8.9,160,4,6
STU1712,30,34.5,127,13,2
STU1713,23,24.6,101,20,9
STU1714,12,19.4,93,1,6
STU1715,28,29.6,145,29,9
STU1716,19,30.2,110,17,3
STU1717,12,27.5,139,14,5
STU1718,16,24.8,140,30,12
STU1719,12,8.0,30,9,11
STU1720,9,29.1,64,7,6
STU1721,20,13.9,84,11,13
STU1722,19,13.3,104,19,6
STU1723,21,21.2,108,27,11
STU1724,17,32.8,111,16,12
STU1725,15,20.8,29,25,3
STU1726,14,32.5,52,29,9
STU1727,5,15.2,167,30,10
STU1728,13,25.7,99,14,13
STU1729,15,14.0,97,4,5
STU1730,21,30.1,71,6,2
STU1731,19,15.0,164,6,10
STU1732,19,18.4,180,27,2
STU1733,26,24.2,117,4,6
STU1734,12,16.5,139,28,5
STU1735,5,5.4,30,7,14
STU1736,19,16.6,162,26,10
STU1737,15,7.4,37,27,4
STU1738,14,33.3,117,11,11
STU1739,21,31.9,81,2,12
STU1740,21,15.9,36,20,2
STU1741,13,27.5,87,2,14
STU1742,16,8.4,56,23,7
STU1743,29,19.3,121,5,11
STU1744,11,23.3,96,29,14
STU1745,16,15.0,28,10,2
STU1746,24,16.1,123,20,5
STU1747,22,5.3,88,13,12
STU1748,13,17.9,158,19,10
STU1749,22,31.9,28,25,11
STU1750,18,10.7,109,6,7
STU1751,28,15.2,77,5,5
STU1752,9,9.1,53,6,5
STU1753,18,27.4,33,21,6
STU1754,19,27.6,150,19,14
STU1755,15,12.3,81,2,9
STU1756,23,16.8,125,10,6
STU1757,27,22.8,31,28,13
STU1758,25,6.5,131,13,7
STU1759,28,11.4,30,1,9
STU1760,16,26.4,121,18,10
STU1761,17,14.2,29,29,10
STU1762,6,5.1,146,26,14
STU1763,29,10.9,92,25,3
STU1764,18,22.7,37,9,8
STU1765,6,17.6,50,14,2
STU1766,22,18.1,156,4,14
STU1767,17,29.2,157,10,9
STU1768,15,5.9,41,26,3
STU1769,20,15.4,91,8,7
STU1770,5,20.3,153,14,5
STU1771,30,30.7,84,10,10
STU1772,12,26.6,81,29,13
STU1773,19,7.5,176,25,7
STU1774,27,21.7,49,22,3
STU1775,30,15.6,162,21,13
STU1776,29,23.9,20,15,12
STU1777,10,21.4,108,9,4
STU1778,29,24.1,20,3,11
STU1779,16,10.9,130,21,8
STU1780,26,30.0,159,5,13
STU1781,19,30.5,66,13,4
STU1782,22,34.2,132,13,12
STU1783,5,5.8,101,30,12
STU1784,5,10.6,45,7,9
STU1785,20,19.2,146,1,7
STU1786,13,12.2,167,14,2
STU1787,28,11.8,101,22,7
STU1788,7,10.2,171,11,6
STU1789,20,19.0,56,15,6
STU1790,19,8.1,93,1,11
STU1791,7,34.5,142,9,11
STU1792,20,27.6,146,5,12
STU1793,15,6.3,64,14,7
STU1794,13,32.6,71,21,8
STU1795,7,27.6,65,27,3
STU1796,10,6.7,56,25,9
STU1797,10,29.5,83,22,8
STU1798,14,24.5,46,22,8
STU1799,14,6.5,106,26,4
STU1800,10,12.8,127,6,14
STU1801,16,16.4,61,6,5
STU1802,16,18.6,87,9,2
STU1803,17,11.2,125,14,3
STU1804,28,24.1,21,30,7
STU1805,12,33.5,152,27,9
STU1806,9,25.8,85,19,4
STU1807,7,21.7,104,15,7
STU1808,21,15.9,128,21,9
STU1809,7,17.6,136,1,9
STU1810,14,20.1,150,27,13
STU1811,6,29.3,83,22,7
STU1812,14,33.6,51,19,2
STU1813,19,5.3,46,28,4
STU1814,16,30.2,36,25,7
STU1815,26,14.7,97,17,13
STU1816,30,13.5,49,8,4
STU1817,22,10.7,159,22,11
STU1818,19,26.6,131,1,13
STU1819,13,26.0,59,16,7
STU1820,24,15.8,108,13,6
STU1821,16,30.6,136,17,4
STU1822,16,23.6,119,12,11
STU1823,13,14.1,116,29,14
STU1824,14,24.4,154,28,6
STU1825,8,22.3,144,20,5
STU1826,18,11.1,48,19,14
STU1827,8,31.9,26,6,3
STU1828,11,10.9,42,26,8
STU1829,21,29.3,134,20,12
STU1830,27,9.9,147,26,13
STU1831,7,14.5,113,2,14
STU1832,23,13.9,156,25,10
STU1833,15,14.4,79,17,12
STU1834,13,26.3,155,10,9
STU1835,14,6.2,89,25,11
STU1836,12,24.3,80,13,12
STU1837,6,13.9,87,5,7
STU1838,28,6.7,83,19,7
STU1839,24,33.9,135,3,7
STU1840,25,20.0,137,17,12
STU1841,18,33.2,144,7,6
STU1842,25,7.0,94,15,3
STU1843,9,6.5,132,11,2
STU1844,5,22.9,138,23,5
STU1845,22,22.2,106,26,7
STU1846,8,10.1,98,18,5
STU1847,16,31.0,146,26,11
STU1848,19,29.4,140,6,14
STU1849,8,28.1,50,3,6
STU1850,26,26.1,99,28,4
STU1851,13,11.1,122,8,13
STU1852,18,11.1,25,16,4
STU1853,29,25.7,129,21,11
STU1854,13,13.4,73,16,2
STU1855,27,9.3,115,12,10
STU1856,11,25.7,164,7,13
STU1857,24,9.8,161,21,7
STU1858,13,16.6,180,22,3
STU1859,9,16.9,107,8,3
STU1860,9,5.9,48,28,11
STU1861,21,7.0,144,7,12
STU1862,15,13.3,64,3,11
STU1863,21,31.0,92,5,7
STU1864,28,16.0,104,19,12
STU1865,18,14.8,49,27,8
STU1866,14,31.8,41,4,10
STU1867,25,17.6,121,28,3
STU1868,16,14.5,146,7,13
STU1869,17,21.9,142,20,5
STU1870,17,11.4,63,20,8
STU1871,25,6.0,154,5,13
STU1872,16,8.0,138,21,11
STU1873,5,7.0,21,15,5
STU1874,24,29.4,58,5,4
STU1875,20,14.7,26,7,2
STU1876,7,5.9,76,14,6
STU1877,23,27.2,160,2,3
STU1878,21,8.9,96,16,8
STU1879,27,26.1,150,3,14
STU1880,28,29.2,162,30,14
STU1881,10,22.9,157,14,10
STU1882,12,14.0,63,10,5
STU1883,8,6.8,106,7,5
STU1884,28,9.1,70,21,10
STU1885,12,9.5,46,15,13
STU1886,23,5.8,123,7,9
STU1887,13,24.8,140,17,11
STU1888,24,9.8,139,4,10
STU1889,29,6.1,125,24,5
STU1890,23,14.2,117,16,6
STU1891,13,8.8,79,19,7
STU1892,13,12.0,73,29,8
STU1893,26,26.6,22,8,5
STU1894,15,23.3,126,20,12
STU1895,9,21.3,174,18,12
STU1896,17,23.1,178,15,11
STU1897,29,24.2,111,12,8
STU1898,11,10.6,128,2,7
STU1899,28,16.1,43,10,7
STU1900,16,11.3,97,23,14
STU1901,20,10.4,89,12,11
STU1902,14,8.1,154,28,2
STU1903,11,26.5,79,24,11
STU1904,25,17.7,42,20,10
STU1905,25,8.5,174,25,13
STU1906,21,11.2,151,21,3
STU1907,6,26.4,36,25,2
STU1908,29,28.8,43,4,10
STU1909,26,17.0,180,29,5
STU1910,9,28.6,98,17,5
STU1911,19,30.6,39,4,4
STU1912,15,25.6,29,6,13
STU1913,27,27.1,156,14,14
STU1914,16,28.3,143,9,3
STU1915,16,14.1,96,5,10
STU1916,28,7.2,114,17,7
STU1917,17,24.2,88,4,5
STU1918,12,12.2,52,21,2
STU1919,6,26.6,178,7,14
STU1920,7,8.3,89,1,13
STU1921,8,23.8,20,22,6
STU1922,25,12.1,168,7,10
STU1923,24,34.8,130,19,4
STU1924,20,24.8,159,5,12
STU1925,21,27.0,72,17,8
STU1926,12,17.6,146,1,4
STU1927,16,9.9,78,10,3
STU1928,17,32.0,72,19,7
STU1929,10,6.8,166,9,7
STU1930,29,24.2,96,4,2
STU1931,21,11.8,147,29,13
STU1932,6,16.4,127,17,8
STU1933,25,18.0,113,18,11
STU1934,23,13.0,121,14,14
STU1935,8,29.0,69,17,2
STU1936,8,15.2,148,18,3
STU1937,13,33.9,40,20,3
STU1938,22,14.0,96,19,6
STU1939,21,23.7,118,27,8
STU1940,27,14.9,76,14,13
STU1941,23,11.6,68,22,13
STU1942,10,27.0,139,3,10
STU1943,7,19.1,28,14,8
STU1944,28,9.4,52,12,14
STU1945,14,18.4,73,10,3
STU1946,21,32.0,63,8,12
STU1947,24,8.8,37,8,2
STU1948,10,18.4,110,2,14
STU1949,29,10.9,60,17,7
STU1950,7,25.0,95,1,11
STU1951,12,13.4,107,4,6
STU1952,9,28.3,139,13,9
STU1953,28,22.8,115,30,10
STU1954,23,33.2,51,10,14
STU1955,22,10.7,45,26,7
STU1956,30,16.5,119,15,8
STU1957,14,10.6,96,20,3
STU1958,14,10.0,63,1,14
STU1959,14,26.2,36,11,13
STU1960,30,15.2,105,7,8
STU1961,7,5.9,130,11,4
STU1962,17,14.9,64,18,5
STU1963,16,7.7,88,20,9
STU1964,22,13.1,59,26,12
STU1965,11,33.8,87,5,2
STU1966,12,16.2,29,5,8
STU1967,22,20.8,171,23,13
STU1968,7,7.2,176,27,13
STU1969,15,21.0,116,1,8
STU1970,29,14.1,180,22,13
STU1971,30,7.9,114,25,8
STU1972,12,31.4,20,1,6
STU1973,21,7.2,164,9,3
STU1974,25,18.1,153,7,14
STU1975,9,16.8,32,1,9
STU1976,25,18.0,127,2,4
STU1977,11,10.0,130,22,13
STU1978,16,31.0,31,7,4
STU1979,6,18.2,123,27,7
STU1980,8,8.0,131,23,11
STU1981,7,34.8,85,25,11
STU1982,8,7.4,136,16,6
STU1983,30,25.4,114,1,5
STU1984,30,30.9,66,21,7
STU1985,24,21.8,170,23,11
STU1986,14,7.7,129,10,9
STU1987,13,15.3,60,9,9
STU1988,5,13.5,172,13,5
STU1989,28,28.0,161,22,4
STU1990,6,16.4,111,7,14
STU1991,28,16.1,129,2,7
STU1992,5,22.6,37,12,10
STU1993,22,32.8,128,3,10
STU1994,8,7.0,25,4,2
STU1995,7,11.5,66,12,11
STU1996,11,34.8,62,18,9
STU1997,9,13.3,151,2,7
STU1998,28,34.7,22,11,11
STU1999,9,34.1,74,29,14
STU2000,18,15.4,118,15,7
